{"cameraMode":{"drawMode":0,"name":"Shaded","section":"Shading Mode"},"sceneLighting":true,"audioPlay":false,"sceneViewState":{"showFog":true,"showMaterialUpdate":false,"showSkybox":true,"showFlares":true,"showImageEffects":true,"showParticleSystems":true},"in2DMode":false,"pivot":{"x":-19.75518798828125,"y":-5.933101654052734,"z":-4.272449493408203},"rotation":{"x":-0.030998781323432924,"y":0.9681388139724731,"z":-0.15347376465797425,"w":-0.1957504153251648},"size":137.8369140625,"orthographic":false}